<?xml version="1.0" encoding="UTF-8"?>
<project-private xmlns="http://www.netbeans.org/ns/project-private/1">
    <editor-bookmarks xmlns="http://www.netbeans.org/ns/editor-bookmarks/2" lastBookmarkId="0"/>
    <open-files xmlns="http://www.netbeans.org/ns/projectui-open-files/2">
        <group>
            <file>file:/C:/Users/SAKTHIMICRO%20SYSTEM/Desktop/jewellaryyy/web/Images/banner02.jpg</file>
            <file>file:/C:/Users/SAKTHIMICRO%20SYSTEM/Desktop/jewellaryyy/web/order.jsp</file>
            <file>file:/C:/Users/SAKTHIMICRO%20SYSTEM/Desktop/jewellaryyy/web/login.jsp</file>
            <file>file:/C:/Users/SAKTHIMICRO%20SYSTEM/Desktop/jewellaryyy/web/delete.jsp</file>
            <file>file:/C:/Users/SAKTHIMICRO%20SYSTEM/Desktop/jewellaryyy/web/logout.jsp</file>
            <file>file:/C:/Users/SAKTHIMICRO%20SYSTEM/Desktop/jewellaryyy/web/index_1.jsp</file>
            <file>file:/C:/Users/SAKTHIMICRO%20SYSTEM/Desktop/jewellaryyy/web/registration.jsp</file>
            <file>file:/C:/Users/SAKTHIMICRO%20SYSTEM/Desktop/jewellaryyy/web/Images/banner03.jpg</file>
            <file>file:/C:/Users/SAKTHIMICRO%20SYSTEM/Desktop/jewellaryyy/web/addItem.jsp</file>
            <file>file:/C:/Users/SAKTHIMICRO%20SYSTEM/Desktop/jewellaryyy/web/Images/banner01.jpg</file>
            <file>file:/C:/Users/SAKTHIMICRO%20SYSTEM/Desktop/jewellaryyy/web/necklace.jsp</file>
            <file>file:/C:/Users/SAKTHIMICRO%20SYSTEM/Desktop/jewellaryyy/web/invalied.jsp</file>
            <file>file:/C:/Users/SAKTHIMICRO%20SYSTEM/Desktop/jewellaryyy/web/index.jsp</file>
            <file>file:/C:/Users/SAKTHIMICRO%20SYSTEM/Desktop/jewellaryyy/web/customers.jsp</file>
            <file>file:/C:/Users/SAKTHIMICRO%20SYSTEM/Desktop/jewellaryyy/web/style/style.css</file>
            <file>file:/C:/Users/SAKTHIMICRO%20SYSTEM/Desktop/jewellaryyy/web/orders.jsp</file>
            <file>file:/C:/Users/SAKTHIMICRO%20SYSTEM/Desktop/jewellaryyy/web/slide.html</file>
            <file>file:/C:/Users/SAKTHIMICRO%20SYSTEM/Desktop/jewellaryyy/web/style/formStyle.css</file>
            <file>file:/C:/Users/SAKTHIMICRO%20SYSTEM/Desktop/jewellaryyy/web/rings.jsp</file>
            <file>file:/C:/Users/SAKTHIMICRO%20SYSTEM/Desktop/jewellaryyy/web/orderDetails.jsp</file>
            <file>file:/C:/Users/SAKTHIMICRO%20SYSTEM/Desktop/jewellaryyy/web/updateprocess.jsp</file>
            <file>file:/C:/Users/SAKTHIMICRO%20SYSTEM/Desktop/jewellaryyy/web/registration.html</file>
            <file>file:/C:/Users/SAKTHIMICRO%20SYSTEM/Desktop/jewellaryyy/web/category.jsp</file>
            <file>file:/C:/Users/SAKTHIMICRO%20SYSTEM/Desktop/jewellaryyy/web/update.jsp</file>
            <file>file:/C:/Users/SAKTHIMICRO%20SYSTEM/Desktop/jewellaryyy/web/login.html</file>
            <file>file:/C:/Users/SAKTHIMICRO%20SYSTEM/Desktop/jewellaryyy/web/stock_items.jsp</file>
            <file>file:/C:/Users/SAKTHIMICRO%20SYSTEM/Desktop/jewellaryyy/web/View.jsp</file>
            <file>file:/C:/Users/SAKTHIMICRO%20SYSTEM/Desktop/jewellaryyy/web/admin.jsp</file>
        </group>
    </open-files>
</project-private>
